name,date_for_local_environment,lon,lat,basin
1979031S12056,3/02/1979 12:00,59.5,-21,SI
1979041S19051,10/02/1979 6:00,51.3,-19,SI
1979077N07150,19/03/1979 0:00,144.8,8.4,WP
1979126N04148,11/05/1979 0:00,125.9,9.2,WP
1979137N19116,21/05/1979 6:00,114.8,19.1,WP
1979171N10315,20/06/1979 0:00,-47,10.5,NA
1979174N07143,29/06/1979 6:00,136.2,13.8,WP
1979180N03155,1/07/1979 0:00,151,6,WP
1979197N13314,15/07/1979 12:00,-46.3,12.5,NA
1979205N10148,27/07/1979 0:00,139.7,13,WP
1979219N15138,7/08/1979 0:00,138,15,WP
1979242N22143,31/08/1979 12:00,135.8,25,WP
1979243N19154,2/09/1979 0:00,151.4,21.5,WP
1979248N16339,4/09/1979 12:00,-21,15.5,NA
1979254N10140,14/09/1979 6:00,134.8,12,WP
1979258N10120,17/09/1979 12:00,114.8,15.5,WP
1979262N15149,21/09/1979 6:00,140,12,WP
1979271N13113,2/10/1979 18:00,121,15.6,WP
1979275N05159,4/10/1979 6:00,152.9,6.2,WP
1979311N10142,7/11/1979 0:00,142.7,11.3,WP
1980003S15137,7/01/1980 0:00,149.2,-21.6,SP
1980052S16155,26/02/1980 12:00,153.1,-23.6,SP
1980073S09133,13/03/1980 18:00,133.8,-10,SP
1980126N08150,9/05/1980 6:00,138.5,8,WP
1980140N16116,20/05/1980 12:00,114.5,14.5,WP
1980171N06142,22/06/1980 12:00,128.7,10,WP
1980197N07154,16/07/1980 6:00,147.2,9.8,WP
1980200N13249,18/07/1980 12:00,-111.5,13.5,EP
1980201N08155,19/07/1980 18:00,149.6,10.1,WP
1980208N23153,27/07/1980 18:00,148.4,22.6,WP
1980236N15144,23/08/1980 6:00,141.9,16.2,WP
1980245N16322,5/09/1980 0:00,-65.8,26.1,NA
1980246N05151,5/09/1980 0:00,144,11.5,WP
1980254N14112,12/09/1980 0:00,115.3,19,WP
1980269N15147,25/09/1980 18:00,145.2,15.7,WP
1980270N13165,26/09/1980 18:00,161,12,WP
1980282N19162,11/10/1980 6:00,150.1,22.1,WP
1980300N08137,28/10/1980 0:00,128,10.9,WP
1980313N14277,7/11/1980 12:00,-82.6,13.6,NA
1981039S09178,8/02/1981 12:00,176,-10,SP
1981047S18181,17/02/1981 0:00,-173,-20.4,SP
1981056S14141,2/03/1981 0:00,157.6,-21,SP
1981077S13198,17/03/1981 12:00,-161.8,-13.3,SP
1981086S16183,28/03/1981 0:00,-176.7,-17.9,SP
1981166N11135,15/06/1981 12:00,132,12,WP
1981176N08150,28/06/1981 12:00,135.5,13.5,WP
1981207N22150,26/07/1981 6:00,148.5,22,WP
1981214N13113,3/08/1981 0:00,115,15,WP
1981226N16119,16/08/1981 18:00,114,17.5,WP
1981237N16148,25/08/1981 0:00,148,16,WP
1981245N23161,1/09/1981 12:00,159.5,22,WP
1981256N10150,14/09/1981 0:00,144,11,WP
1981265N14328,21/09/1981 6:00,-32.5,13.5,NA
1981283N07132,11/10/1981 18:00,126,10,WP
1981286N10150,13/10/1981 18:00,150,10,WP
1981317N14153,12/11/1981 18:00,151.5,14.5,WP
1981324N08158,21/11/1981 0:00,153.5,10.5,WP
1981351S12060,17/12/1981 0:00,60,-12,SI
1982024S18166,23/01/1982 12:00,167.5,-16.9,SP
1982030S15065,31/01/1982 6:00,58,-16.3,SI
1982036S16060,4/02/1982 6:00,53.1,-16.1,SI
1982058S10185,26/02/1982 12:00,-177.5,-7.4,SP
1982073N07153,14/03/1982 6:00,149.5,8.8,WP
1982087N04157,27/03/1982 12:00,149.6,3.2,WP
1982131S09157,14/05/1982 12:00,156.4,-13.9,SP
1982136N08140,16/05/1982 0:00,138,8,WP
1982140N11255,19/05/1982 18:00,-102.7,11.8,EP
1982176N18114,26/06/1982 6:00,115.5,18,WP
1982179N19128,27/06/1982 12:00,133.6,18.2,WP
1982188N09262,5/07/1982 18:00,-103.2,8.1,EP
1982190N09148,12/07/1982 0:00,134.8,11.3,WP
1982199N11257,16/07/1982 0:00,-100.1,13.9,EP
1982202N12148,20/07/1982 6:00,132.5,5.4,WP
1982207N09243,24/07/1982 18:00,-108.4,11.6,EP
1982210N11245,27/07/1982 12:00,-106.3,18.2,EP
1982213N12253,31/07/1982 18:00,-104.8,12,EP
1982213N13145,4/08/1982 0:00,130,16,WP
1982215N10236,2/08/1982 6:00,-123.7,9.8,EP
1982221N10236,7/08/1982 6:00,-116.6,12.2,EP
1982221N10250,7/08/1982 12:00,-106.9,7,EP
1982227N09140,20/08/1982 12:00,122,12,WP
1982229N09154,17/08/1982 18:00,151.4,8.1,WP
1982238N10161,25/08/1982 6:00,159.7,7.6,WP
1982241N14338,26/08/1982 18:00,-19.8,11.3,NA
1982246N16119,3/09/1982 0:00,118,12.9,WP
1982247N11147,4/09/1982 0:00,143.5,11.1,WP
1982252N26269,8/09/1982 12:00,-84,26.7,NA
1982253N10250,9/09/1982 0:00,-112.9,8,EP
1982257N20172,15/09/1982 0:00,167,23,WP
1982257N20291,12/09/1982 12:00,-66.7,19,NA
1982259N15202,14/09/1982 0:00,-155.5,8.5,EP
1982259N16218,14/09/1982 0:00,-137.4,11.7,EP
1982262N12270,24/09/1982 0:00,-104.2,13.3,EP
1982274N13265,29/09/1982 0:00,-90.2,6.2,EP
1982274N25295,29/09/1982 6:00,-63.4,23.3,NA
1982287N09269,12/10/1982 6:00,-91.7,5.7,EP
1982293N09257,20/10/1982 12:00,-107.4,9.2,EP
1982304S10171,31/10/1982 0:00,172,-9.5,SP
1982311S09181,8/11/1982 12:00,175.5,-9.9,SP
1982334S09060,1/12/1982 6:00,56.7,-8.7,SI
1983019S14176,21/01/1983 12:00,172.3,-13.6,SP
1983022S10218,21/01/1983 12:00,-142,-10,SP
1983054S15179,23/02/1983 0:00,172,-11.8,SP
1983079S13224,18/03/1983 12:00,-135.6,-9.5,SP
1983086S08204,27/03/1983 0:00,-157,-6.4,SP
1983105S09228,14/04/1983 0:00,-130.7,-4.8,SP
1983141N07269,19/05/1983 18:00,-93,11.2,EP
1983183N11251,2/07/1983 12:00,-109.8,10.8,EP
1983186N04153,10/07/1983 18:00,137.1,9.5,WP
1983198N18255,17/07/1983 12:00,-105,17.7,EP
1983205N11265,22/07/1983 0:00,-97.1,11.6,EP
1983220N16111,11/08/1983 12:00,115.4,16.6,WP
1983221N13254,7/08/1983 0:00,-100.3,8.2,EP
1983229N15140,18/08/1983 6:00,136.5,15,WP
1983236N26284,22/08/1983 6:00,-70.6,21.2,NA
1983237N11253,24/08/1983 18:00,-107.4,11.2,EP
1983239N10183,29/08/1983 6:00,170.5,12.2,WP
1983243N12259,29/08/1983 18:00,-100.8,7.7,EP
1983255N12261,10/09/1983 12:00,-95.7,12,EP
1983264N15248,19/09/1983 6:00,-105.7,13.7,EP
1983271N18118,27/09/1983 0:00,117.1,13.6,WP
1983274N12251,29/09/1983 18:00,-106.4,10.1,EP
1983279N04140,9/10/1983 0:00,130.2,13,WP
1983279N17148,6/10/1983 0:00,149.8,19.5,WP
1983283N13230,8/10/1983 0:00,-125.6,8.5,EP
1983285N09260,11/10/1983 0:00,-100.2,8.5,EP
1983287N09164,20/10/1983 0:00,126.9,15.1,WP
1983317N12153,16/11/1983 0:00,141,9,WP
1983319N05157,26/11/1983 0:00,133,12,WP
1983321N11111,17/11/1983 0:00,110.1,7.3,WP
1983334N08146,1/12/1983 0:00,141,10.5,WP
1983339S10065,5/12/1983 12:00,65.2,-10.4,SI
1983353S08070,19/12/1983 0:00,71.9,-8.2,SI
1983360S13174,25/12/1983 18:00,-176.7,-11.3,SP
1984020S11077,20/01/1984 0:00,79.1,-11.1,SI
1984022S08086,25/01/1984 12:00,85.5,-14.5,SI
1984035S15152,6/02/1984 0:00,156.2,-18.7,SP
1984038S12073,11/02/1984 18:00,73.7,-15.3,SI
1984051S20163,20/02/1984 12:00,166.5,-20.2,SP
1984076S13173,15/03/1984 12:00,174.3,-12.1,SP
1984139N09260,16/05/1984 18:00,-96.2,8.7,EP
1984169N14257,15/06/1984 12:00,-97.3,13.5,EP
1984180N10258,27/06/1984 12:00,-99.6,6.7,EP
1984184N06139,6/07/1984 0:00,121.5,16,WP
1984186N16154,6/07/1984 0:00,149.5,17,WP
1984214N12143,4/08/1984 6:00,131.5,12.9,WP
1984227N18118,14/08/1984 0:00,118.5,13.6,WP
1984228N15261,13/08/1984 18:00,-94.2,13.7,EP
1984230N12226,15/08/1984 0:00,-126.2,11.1,EP
1984237N11230,27/08/1984 12:00,-144,11.5,EP
1984238N18137,26/08/1984 0:00,132,17.5,WP
1984244N37293,29/08/1984 12:00,-69.5,28.3,NA
1984258N20264,12/09/1984 6:00,-96.4,22.7,NA
1984260N14339,14/09/1984 18:00,-15.5,7.6,NA
1984261N29295,16/09/1984 18:00,-65.5,28.6,NA
1984262N14259,16/09/1984 0:00,-94.9,15.5,EP
1984267N18120,23/09/1984 0:00,122.5,18.3,WP
1984270N13262,26/09/1984 18:00,-99.5,12.6,EP
1984270N22147,26/09/1984 6:00,146.5,21.5,WP
1984281N13146,9/10/1984 6:00,150,17,WP
1984283N09139,9/10/1984 6:00,141.5,9,WP
1984284N11116,10/10/1984 6:00,117.5,11,WP
1984305N13262,30/10/1984 0:00,-92.5,14.2,EP
1984311N15291,4/11/1984 18:00,-63.9,17.4,NA
1984325S15052,18/11/1984 18:00,52.6,-12.3,SI
1984336N05156,3/12/1984 6:00,141.5,5,WP
1984337S11082,2/12/1984 0:00,81,-10.5,SI
1984339S05102,3/12/1984 18:00,102,-5.3,SI
1984355S16129,20/12/1984 6:00,127.5,-16.5,SI
1984361S12146,27/12/1984 0:00,151.5,-16.3,SP
1985005N04157,5/01/1985 6:00,155,2.6,WP
1985005N08133,3/01/1985 12:00,141.7,11.5,WP
1985014S16151,15/01/1985 0:00,152.5,-16.5,SP
1985025S15203,24/01/1985 12:00,-152.5,-19.7,SP
1985026S16126,27/01/1985 6:00,124.6,-16.9,SI
1985041S14129,9/02/1985 0:00,129.1,-13.2,SI
1985042S18060,9/02/1985 6:00,64.1,-7.6,SI
1985060S11112,3/03/1985 18:00,102.7,-10.2,SI
1985065S09118,5/03/1985 12:00,116.6,-8,SI
1985070S17175,11/03/1985 0:00,174.7,-16.5,SP
1985158N10267,5/06/1985 6:00,-88,9.5,EP
1985159N09241,8/06/1985 0:00,-119.5,8.7,EP
1985166N19111,15/06/1985 6:00,112.1,18.2,WP
1985177N10258,25/06/1985 18:00,-95.7,13.1,EP
1985178N10236,27/06/1985 0:00,-123.8,9.8,EP
1985189N12260,6/07/1985 18:00,-94.4,8,EP
1985197N29296,14/07/1985 18:00,-60.4,27.3,NA
1985199N18248,17/07/1985 0:00,-109.9,16.1,EP
1985201N12256,19/07/1985 18:00,-98.3,10.4,EP
1985210N14257,27/07/1985 18:00,-101.2,14.8,EP
1985211N12237,29/07/1985 6:00,-121.5,12.3,EP
1985212N22148,1/08/1985 6:00,141.2,20.7,WP
1985219N14254,5/08/1985 12:00,-108.9,9.2,EP
1985220N18128,9/08/1985 18:00,131,22,WP
1985224N19279,12/08/1985 0:00,-80.7,18.5,NA
1985227N16149,15/08/1985 18:00,142,14.5,WP
1985231N16142,22/08/1985 0:00,141,19,WP
1985232N16248,19/08/1985 12:00,-112.5,18.2,EP
1985234N13258,22/08/1985 0:00,-102.2,12.9,EP
1985236N23125,24/08/1985 6:00,123.5,24.5,WP
1985237N21130,26/08/1985 0:00,136.7,19.5,WP
1985240N16256,29/08/1985 0:00,-107.9,12.8,EP
1985249N13265,5/09/1985 0:00,-93.3,6.7,EP
1985256N13146,13/09/1985 6:00,141.8,13.7,WP
1985260N13115,18/09/1985 12:00,115.5,15.8,WP
1985260N13336,15/09/1985 12:00,-17.7,11.2,NA
1985261N13243,18/09/1985 0:00,-122.9,11.9,EP
1985265N30286,21/09/1985 6:00,-70.5,28.8,NA
1985268N16126,26/09/1985 0:00,122.5,17.5,WP
1985284N05159,11/10/1985 18:00,153.5,6,WP
1985294N10122,23/10/1985 0:00,126,13,WP
1985297N10201,22/10/1985 0:00,-156.6,12.3,EP
1985298N12249,25/10/1985 6:00,-111.5,12,EP
1985329S09104,26/11/1985 6:00,102.2,-6.8,SI
1986007S09098,7/01/1986 18:00,96.9,-8.9,SI
1986018S14108,17/01/1986 0:00,109.3,-13.1,SI
1986021S16140,21/01/1986 12:00,140.9,-16.6,SP
1986027S13145,27/01/1986 18:00,145.1,-12.7,SP
1986029N04152,30/01/1986 12:00,149.6,3.5,WP
1986029S14069,29/01/1986 6:00,71.5,-10.8,SI
1986036S16187,4/02/1986 0:00,-176.6,-12.7,SP
1986036S19216,4/02/1986 0:00,-148.8,-15.3,SP
1986038S13158,6/02/1986 18:00,164.1,-15.3,SP
1986048S16116,16/02/1986 12:00,115.9,-12.5,SI
1986052S13114,20/02/1986 18:00,107.6,-12.6,SI
1986056S09130,25/02/1986 0:00,125.3,-13.2,SI
1986062S15150,4/03/1986 12:00,150,-15.5,SP
1986067S11080,7/03/1986 6:00,81.9,-12.9,SI
1986070S13082,11/03/1986 6:00,77.7,-12,SI
1986085S13091,25/03/1986 12:00,91.5,-13,SI
1986095S11105,5/04/1986 6:00,104,-10.9,SI
1986111S08156,21/04/1986 12:00,156,-8.3,SP
1986112N02152,24/04/1986 18:00,143.1,5.3,WP
1986124S05090,3/05/1986 18:00,84.6,-7.6,SI
1986135S07160,15/05/1986 6:00,164.9,-11.3,SP
1986136N18114,21/05/1986 12:00,112.4,20.5,WP
1986142N13253,22/05/1986 6:00,-107.4,12.2,EP
1986156N26284,4/06/1986 0:00,-71.9,23.2,NA
1986172N04161,27/06/1986 0:00,139,14.5,WP
1986179N11175,1/07/1986 12:00,158,13,WP
1986185N14256,3/07/1986 18:00,-104.5,13.5,EP
1986200N17111,18/07/1986 12:00,114.7,12.9,WP
1986206N11265,26/07/1986 6:00,-103,12.8,EP
1986209N13139,29/07/1986 18:00,134.8,14,WP
1986221N17163,11/08/1986 6:00,158.8,17.8,WP
1986225N17134,13/08/1986 18:00,131.7,17.1,WP
1986228N19120,16/08/1986 6:00,118,18,WP
1986240N24160,31/08/1986 6:00,149.1,24.6,WP
1986241N18248,28/08/1986 18:00,-112.3,18.1,EP
1986252N06153,12/09/1986 0:00,149,10.5,WP
1986254N22309,9/09/1986 0:00,-40.8,18.5,NA
1986259N13256,14/09/1986 18:00,-104,10.6,EP
1986264N12221,19/09/1986 12:00,-138,9.2,EP
1986271N12267,28/09/1986 0:00,-93,11.5,EP
1986275N10134,7/10/1986 0:00,119,14,WP
1986283N10179,13/10/1986 6:00,167,11,WP
1986302N05178,6/11/1986 6:00,127,12,WP
1986323N23297,17/11/1986 6:00,-58.7,18.2,NA
1986325S10171,21/11/1986 6:00,170,-12,SP
1986330N05173,26/11/1986 6:00,-179.8,9.2,WP
1986343N05176,13/12/1986 12:00,163.5,6,WP
1986353N03178,21/12/1986 0:00,169,6.5,WP
1986356S07183,21/12/1986 6:00,-177,-7,SP
1987015S16125,15/01/1987 6:00,124.7,-16,SI
1987036S15066,6/02/1987 12:00,61.9,-21,SI
1987040S19051,8/02/1987 6:00,55.1,-21.1,SI
1987058S10173,26/02/1987 6:00,176.2,-13.9,SP
1987060S17199,26/02/1987 12:00,-158.4,-6.8,SP
1987096S11144,9/04/1987 18:00,133.9,-10.7,SI
1987110S27050,21/04/1987 6:00,48,-26,SI
1987140S08170,20/05/1987 6:00,169.2,-8,SP
1987188N10151,7/07/1987 6:00,149.7,11.3,WP
1987196N09146,16/07/1987 12:00,138.7,12.1,WP
1987202N09144,21/07/1987 12:00,143,8.5,WP
1987203N11263,20/07/1987 18:00,-97.3,13.2,EP
1987216N10270,2/08/1987 0:00,-87.7,6.9,EP
1987219N08134,7/08/1987 0:00,132.8,7.2,WP
1987219N08155,12/08/1987 12:00,136,12.5,WP
1987220N34283,9/08/1987 18:00,-75.4,28.1,NA
1987222N27145,8/08/1987 18:00,148,23.4,WP
1987230N15340,16/08/1987 18:00,-15.9,11.8,NA
1987238N10213,24/08/1987 6:00,-134.5,6.9,EP
1987241N10241,27/08/1987 6:00,-113.6,8.4,EP
1987242N13257,28/08/1987 0:00,-97.1,13.4,EP
1987245N15133,3/09/1987 6:00,128.7,17,WP
1987249N15329,5/09/1987 12:00,-31.3,15.2,NA
1987252N11342,8/09/1987 12:00,-18.3,11.2,NA
1987258N15253,13/09/1987 18:00,-105.4,14.3,EP
1987264N10190,20/09/1987 0:00,-167.5,13.6,EP
1987270N15160,27/09/1987 6:00,161,21.9,WP
1987274N21249,29/09/1987 6:00,-110.1,19.5,EP
1987282N12137,8/10/1987 18:00,138.9,12,WP
1987282N15277,8/10/1987 12:00,-80.4,18.6,NA
1987311N10148,14/11/1987 18:00,123.5,12.5,WP
1987340S07095,14/12/1987 12:00,75.7,-17.2,SI
1988006S05182,5/01/1988 6:00,-174.3,3,SP
1988012S11061,11/01/1988 12:00,60.5,-10.8,SI
1988021S12080,21/01/1988 0:00,77.7,-12,SI
1988055S10051,25/02/1988 0:00,49.3,-13.7,SI
1988058S19198,27/02/1988 0:00,-161.7,-18.2,SP
1988076S14056,16/03/1988 0:00,56.3,-14.4,SI
1988100S15171,7/04/1988 12:00,166.7,-10.5,SP
1988125S10071,7/05/1988 6:00,62.7,-8.3,SI
1988138S07092,16/05/1988 0:00,93.6,-4.6,SI
1988150N19119,28/05/1988 6:00,115.5,15.4,WP
1988170N05141,18/06/1988 6:00,139.5,5.5,WP
1988193N09149,12/07/1988 0:00,146,11,WP
1988208N27135,27/07/1988 6:00,137.4,21.6,WP
1988210N14251,27/07/1988 12:00,-104.5,11.7,EP
1988218N13264,4/08/1988 0:00,-92.3,14.4,EP
1988218N21128,4/08/1988 0:00,125.5,20.7,WP
1988219N27175,8/08/1988 12:00,163.5,28,WP
1988221N30270,6/08/1988 12:00,-89.3,29,NA
1988226N22173,12/08/1988 18:00,174.1,21.6,WP
1988226N26127,12/08/1988 18:00,128.7,21.4,WP
1988227N24123,13/08/1988 18:00,122.8,24.2,WP
1988235N15317,26/08/1988 6:00,-73.2,20.5,NA
1988237N23154,27/08/1988 6:00,154.5,25.5,WP
1988242N12215,27/08/1988 18:00,-144.5,14.9,EP
1988242N13262,27/08/1988 12:00,-98.4,14.5,EP
1988245N20269,31/08/1988 6:00,-89,19.8,NA
1988247N33300,1/09/1988 18:00,-56.2,25.3,NA
1988255N15132,11/09/1988 18:00,132,15.5,WP
1988255N21159,10/09/1988 0:00,157.5,20.1,WP
1988260N15157,19/09/1988 0:00,142.7,17.7,WP
1988263N15126,18/09/1988 6:00,130.2,16.4,WP
1988263N18115,19/09/1988 18:00,113,16,WP
1988264N13328,18/09/1988 6:00,-27.7,13.2,NA
1988265N12218,23/09/1988 0:00,-147,12.9,EP
1988273N09315,28/09/1988 18:00,-45.5,9,NA
1988274N12142,29/09/1988 18:00,137.7,6.9,WP
1988282N17153,9/10/1988 0:00,147.5,17.5,WP
1988306N15130,2/11/1988 0:00,129,10,WP
1988310S08100,6/11/1988 6:00,99.3,-8.1,SI
1988323N15286,18/11/1988 6:00,-76.5,15,NA
1988352S14166,21/12/1988 0:00,165.4,-21.9,SP
1988356N05142,22/12/1988 0:00,132.5,10,WP
1988364S17148,29/12/1988 0:00,148.7,-16.8,SP
1989002S14192,2/01/1989 6:00,-168.2,-14.2,SP
1989010N16212,16/01/1989 0:00,174,19.5,WP
1989023S08103,24/01/1989 12:00,102.5,-10.6,SI
1989035S11106,4/02/1989 0:00,107,-10.3,SI
1989037S16164,6/02/1989 6:00,170.1,-10.6,SP
1989042S23178,10/02/1989 0:00,-175.7,-19.4,SP
1989044S12102,16/02/1989 6:00,99.6,-12.9,SI
1989047S13079,16/02/1989 6:00,78.6,-12.9,SI
1989052S27233,19/02/1989 0:00,-122.1,-21.8,SP
1989061S16102,1/03/1989 6:00,107,-16.3,SI
1989080S16066,23/03/1989 6:00,59.1,-16.5,SI
1989087S11073,28/03/1989 6:00,73,-11,SI
1989088S15187,29/03/1989 6:00,-172.7,-14.8,SP
1989126S13178,8/05/1989 6:00,166,-12.3,SP
1989169N13265,18/06/1989 0:00,-94.9,13.2,EP
1989169N16142,20/06/1989 18:00,128.7,16.6,WP
1989176N27264,24/06/1989 0:00,-92.6,25.6,NA
1989187N15132,5/07/1989 0:00,134.5,18.8,WP
1989201N11145,21/07/1989 0:00,141,11,WP
1989205N13260,22/07/1989 6:00,-98,9.2,EP
1989209N22130,27/07/1989 6:00,132.6,15.5,WP
1989210N14259,29/07/1989 0:00,-88.1,11.8,EP
1989211N24153,29/07/1989 6:00,158.1,21.2,WP
1989212N15318,30/07/1989 6:00,-34.8,12.8,NA
1989216N06159,10/08/1989 18:00,142.3,16,WP
1989227N12236,13/08/1989 12:00,-122.3,11,EP
1989227N13261,13/08/1989 18:00,-98.2,13.2,EP
1989227N16145,14/08/1989 18:00,146,16.5,WP
1989230N14338,17/08/1989 18:00,-22.3,14.7,NA
1989235N22146,24/08/1989 18:00,149.5,26.5,WP
1989250N17148,7/09/1989 0:00,148,17,WP
1989254N13340,9/09/1989 18:00,-16.8,12,NA
1989254N17145,10/09/1989 18:00,142.1,16.9,WP
1989259N20126,15/09/1989 12:00,127.4,12.5,WP
1989268N14261,24/09/1989 18:00,-99,13.7,EP
1989272N18120,28/09/1989 12:00,119,17,WP
1989286N14137,12/10/1989 6:00,139.5,16.7,WP
1989305N07105,31/10/1989 6:00,105.2,7.2,WP
1989309S07100,5/11/1989 18:00,97.2,-7.8,SI
1989324N17174,24/11/1989 18:00,152.2,14,WP
1989333N17276,28/11/1989 0:00,-85,18.1,NA
1989346S10133,13/12/1989 0:00,134,-11.6,SP
1989349S08065,16/12/1989 12:00,61.9,-8.3,SI
1990012S12131,11/01/1990 0:00,131.9,-6.3,SI
1990024S14117,24/01/1990 6:00,116.6,-14.3,SI
1990027S18156,28/01/1990 6:00,156,-18.3,SP
1990058S16075,28/02/1990 0:00,73,-16,SI
1990060S15170,3/03/1990 18:00,153.2,-18.8,SP
1990062S13091,2/03/1990 12:00,93.1,-15.9,SI
1990076S12165,20/03/1990 0:00,176.5,-16.8,SP
1990101S07048,10/04/1990 12:00,41.9,-12.2,SI
1990102S11092,11/04/1990 0:00,92.5,-12.5,SI
1990130S03081,12/05/1990 12:00,65.5,-8.2,SI
1990154N11260,2/06/1990 0:00,-104.5,7.2,EP
1990163N08133,13/06/1990 18:00,129,11,WP
1990171N11148,19/06/1990 6:00,143.8,9,WP
1990180N09159,6/07/1990 6:00,133,12.5,WP
1990191N10266,9/07/1990 18:00,-94.5,10.2,EP
1990203N09318,22/07/1990 12:00,-43.2,8.9,NA
1990205N16141,24/07/1990 0:00,142,17,WP
1990212N10338,31/07/1990 0:00,-22.2,10.1,NA
1990216N13281,3/08/1990 0:00,-69.9,18.4,NA
1990216N29125,4/08/1990 18:00,125.5,30,WP
1990219N10214,6/08/1990 0:00,-145.1,10.4,EP
1990221N07162,12/08/1990 0:00,150.5,11.5,WP
1990224N09328,11/08/1990 18:00,-34,8.5,NA
1990236N14264,23/08/1990 18:00,-96.5,14,EP
1990237N13325,24/08/1990 6:00,-35.1,8.7,NA
1990245N16149,2/09/1990 0:00,149.6,10.2,WP
1990250N13157,10/09/1990 0:00,147.5,19,WP
1990251N12238,6/09/1990 12:00,-120.6,11.1,EP
1990253N12248,8/09/1990 18:00,-113.9,11.2,EP
1990261N12141,22/09/1990 0:00,135,13.5,WP
1990264N14328,22/09/1990 12:00,-33.4,16.7,NA
1990270N14261,28/09/1990 6:00,-101.1,12,EP
1990288N15118,15/10/1990 6:00,115.6,16.8,WP
1990289N10261,15/10/1990 12:00,-103,10.8,EP
1990295N11261,21/10/1990 0:00,-98.6,12.6,EP
1990327S07175,22/11/1990 18:00,171.7,-11.8,SP
1990343S10128,8/12/1990 18:00,122.9,-10.4,SI
1990347N05173,12/12/1990 12:00,174.3,7,WP
1990348N04087,13/12/1990 18:00,88.5,7,NI
1990350S11165,16/12/1990 0:00,169,-6.3,SP
1991013S04096,23/01/1991 18:00,77.5,-14.5,SI
1991047S16041,14/02/1991 18:00,43.7,-16.7,SI
1991053S21040,23/02/1991 12:00,37.5,-24.3,SI
1991055S12142,23/02/1991 6:00,154.4,-9.6,SP
1991062N04156,5/03/1991 0:00,152,4,WP
1991077N03165,20/03/1991 0:00,159.5,3.5,WP
1991083S11100,21/03/1991 18:00,100.7,-9.7,SI
1991099S10132,8/04/1991 6:00,129.9,-10.5,SI
1991105S12103,14/04/1991 6:00,104.8,-14.6,SI
1991111N04145,24/04/1991 0:00,127.6,8.4,WP
1991150N14091,30/05/1991 0:00,89.6,10.6,NI
1991156S07084,8/06/1991 0:00,76.6,-10,SI
1991166N10257,15/06/1991 0:00,-103.5,10.1,EP
1991168N11265,15/06/1991 0:00,-95.6,8.3,EP
1991174N13259,22/06/1991 0:00,-102.8,8.5,EP
1991181N26282,2/07/1991 0:00,-81.6,29.9,NA
1991194N11147,14/07/1991 6:00,140,12,WP
1991196N06153,19/07/1991 6:00,133.5,12.5,WP
1991200N05157,22/07/1991 0:00,138,11.9,WP
1991220N10133,11/08/1991 6:00,124,16,WP
1991233N22147,26/08/1991 0:00,138,27,WP
1991244N19126,3/09/1991 6:00,118,19,WP
1991250N10334,6/09/1991 12:00,-25.3,10.4,NA
1991252N24311,7/09/1991 18:00,-43.1,22.2,NA
1991256N13171,14/09/1991 0:00,168.7,12.9,WP
1991257N16130,14/09/1991 6:00,129.5,16.9,WP
1991268N12264,23/09/1991 18:00,-89.5,10.6,EP
1991277N13251,2/10/1991 0:00,-97.7,15.8,EP
1991281N12265,6/10/1991 18:00,-92.6,11.2,EP
1991288N19274,13/10/1991 12:00,-84.3,18.2,NA
1991289N06156,19/10/1991 6:00,146.5,8.5,WP
1991304N08140,2/11/1991 0:00,132.8,13,WP
1991307N06177,5/11/1991 12:00,163,8.7,WP
1991311N10256,5/11/1991 12:00,-111.4,6.1,EP
1991313N10095,11/11/1991 12:00,87.5,11,NI
1991329N04181,27/11/1991 6:00,176,6,WP
1991335S04095,1/12/1991 0:00,94,-5.9,SI
1991352S08066,18/12/1991 0:00,68,-8.8,SI
1991360S13058,29/12/1991 6:00,64.2,-12.9,SI
1992005S07172,4/01/1992 18:00,177.8,-13.1,SP
1992006S13134,5/01/1992 12:00,129.4,-10.4,SP
1992027N05206,26/01/1992 18:00,-154.4,5.2,EP
1992039S14063,8/02/1992 18:00,62.5,-15.5,SI
1992044S09181,13/02/1992 0:00,179.3,-11.1,SP
1992048S18067,20/02/1992 12:00,69.6,-16.8,SI
1992054S14044,22/02/1992 0:00,44.2,-12.8,SI
1992055S13169,24/02/1992 6:00,173.2,-16.3,SP
1992055S17053,27/02/1992 12:00,61.3,-16,SI
1992074S12185,13/03/1992 12:00,-176.1,-10.2,SP
1992084S10212,23/03/1992 12:00,-144,-7.6,SP
1992088N05188,27/03/1992 12:00,-171.4,5.5,EP
1992118S11179,27/04/1992 0:00,-179.3,-14.8,SP
1992136N10090,16/05/1992 0:00,87.5,11.5,NI
1992155N10070,9/06/1992 6:00,60,12,NI
1992175N12269,21/06/1992 18:00,-89.7,11.2,EP
1992175N16249,21/06/1992 0:00,-110.8,12.1,EP
1992188N07156,8/07/1992 0:00,144,11,WP
1992191N12252,7/07/1992 18:00,-103.5,12,EP
1992194N07140,15/07/1992 6:00,121.7,17.3,WP
1992198N13135,19/07/1992 0:00,125.2,15,WP
1992208N13246,25/07/1992 12:00,-110.9,13.2,EP
1992210N14254,26/07/1992 18:00,-101.7,14.5,EP
1992212N20135,31/07/1992 0:00,131,20,WP
1992213N12256,31/07/1992 6:00,-105.5,12.3,EP
1992227N13130,17/08/1992 6:00,134.9,18.7,WP
1992229N24162,17/08/1992 12:00,160.5,25,WP
1992233N16254,18/08/1992 18:00,-98.9,10.4,EP
1992236N07159,24/08/1992 0:00,156,8,WP
1992248N19166,6/09/1992 0:00,166.6,22.2,WP
1992249N12229,6/09/1992 0:00,-135.9,11.9,EP
1992258N17249,12/09/1992 12:00,-106.4,16.1,EP
1992262N10262,16/09/1992 18:00,-96.3,8.3,EP
1992267N33285,20/09/1992 18:00,-73.6,29.8,NA
1992271N26291,27/09/1992 12:00,-73.9,27,NA
1992279N08175,11/10/1992 18:00,159.5,17,WP
1992281N11263,5/10/1992 6:00,-92.7,14,EP
1992286N12115,15/10/1992 6:00,118,12,WP
1992292S09083,17/10/1992 12:00,82.3,-7.8,SI
1992298N10188,23/10/1992 12:00,-166.2,9.9,WP
1992300N13249,24/10/1992 0:00,-106.1,13.2,EP
1992318N11160,15/11/1992 0:00,159.3,12.5,WP
1992338S04173,11/12/1992 0:00,177.9,-19,SP
1992352S11100,16/12/1992 18:00,102.5,-11.9,SI
1992357S13143,21/12/1992 12:00,135.2,-10.4,SP
1992361S23039,24/12/1992 18:00,36.7,-23.3,SI
1993012S09074,12/01/1993 18:00,70.7,-10.2,SI
1993016S16042,17/01/1993 12:00,39.7,-16.9,SI
1993051S14046,20/02/1993 18:00,45.1,-14.3,SI
1993064N03174,11/03/1993 6:00,162.8,4.7,WP
1993069S08164,10/03/1993 0:00,161.1,-6.5,SP
1993091S13092,2/04/1993 6:00,86.7,-13.4,SI
1993096S11101,7/04/1993 18:00,104,-11.5,SI
1993152N22276,31/05/1993 12:00,-84,21.5,NA
1993162N10245,10/06/1993 6:00,-113.2,9.7,EP
1993164N04160,19/06/1993 12:00,149.2,7.4,WP
1993196N11241,12/07/1993 18:00,-114.3,6.4,EP
1993197N11247,14/07/1993 12:00,-102.4,6.9,EP
1993215N08154,6/08/1993 0:00,152,12.5,WP
1993221N12216,10/08/1993 18:00,-145,12.4,EP
1993224N07153,15/08/1993 0:00,132,9.5,WP
1993227N15258,13/08/1993 12:00,-95.4,12.5,EP
1993229N13265,16/08/1993 0:00,-93.9,13.8,EP
1993235N20307,23/08/1993 12:00,-56,22.3,NA
1993241N14264,27/08/1993 18:00,-97.9,14.2,EP
1993246N16129,4/09/1993 18:00,131.2,20,WP
1993249N12253,4/09/1993 6:00,-111.4,5.3,EP
1993252N11265,7/09/1993 0:00,-98,9,EP
1993253N06150,13/09/1993 12:00,130,14,WP
1993261N11131,22/09/1993 12:00,113.8,18.1,WP
1993285N12192,20/10/1993 6:00,158,13.6,WP
1993306N10168,7/11/1993 0:00,146.4,13,WP
1993322N09137,17/11/1993 18:00,136.6,8.9,WP
1993336N05164,3/12/1993 0:00,156,7,WP
1993353N05159,23/12/1993 0:00,142.4,7.8,WP
1993362S12130,1/01/1994 0:00,124.6,-12.5,SI
1994007S16056,8/01/1994 6:00,57.6,-16.1,SI
1994010S17124,9/01/1994 12:00,112.8,-5.1,SI
1994022S12113,23/01/1994 0:00,110.2,-10.5,SI
1994028S11136,28/01/1994 0:00,134,-8,SP
1994036S09075,6/02/1994 6:00,70.3,-10.6,SI
1994037S12095,8/02/1994 6:00,86.3,-13,SI
1994064S15052,5/03/1994 6:00,51.9,-14.9,SI
1994071S10119,11/03/1994 12:00,116,-10.4,SI
1994076S14078,17/03/1994 18:00,74,-13.1,SI
1994078S06184,24/03/1994 18:00,173.2,-19.3,SP
1994087S10115,28/03/1994 0:00,115,-10.2,SI
1994095S08129,5/04/1994 6:00,128.5,-7.1,SI
1994157N17074,4/06/1994 12:00,69.8,12.7,NI
1994169N06152,21/06/1994 18:00,130,11.4,WP
1994169N13240,17/06/1994 6:00,-126,9.2,EP
1994180N12255,27/06/1994 0:00,-105.1,10.7,EP
1994181N22276,30/06/1994 0:00,-83.6,21.7,NA
1994190N13239,7/07/1994 0:00,-114.6,11.8,EP
1994192N05139,14/07/1994 12:00,127,12.5,WP
1994197N14115,16/07/1994 6:00,118.3,12.2,WP
1994206N14131,27/07/1994 6:00,126.6,16.2,WP
1994206N22107,27/07/1994 0:00,108,21,WP
1994212N11240,6/08/1994 12:00,-156.5,12.2,EP
1994215N30149,6/08/1994 6:00,146.5,28,WP
1994219N19252,5/08/1994 12:00,-108,16.3,EP
1994222N11267,9/08/1994 18:00,-89.3,11.5,EP
1994227N29273,13/08/1994 12:00,-83.3,25.6,NA
1994231N12157,22/08/1994 12:00,158.9,24.1,WP
1994232N10144,24/08/1994 0:00,124,15.5,WP
1994241N14236,28/08/1994 6:00,-122.7,17.6,EP
1994242N12112,3/09/1994 18:00,112.5,16.2,WP
1994247N18251,2/09/1994 6:00,-103.7,16.6,EP
1994249N11200,5/09/1994 0:00,-149.5,7.6,EP
1994250N14133,6/09/1994 6:00,130,15.3,WP
1994257N13139,15/09/1994 18:00,144.5,14.5,WP
1994259N14244,15/09/1994 6:00,-107.3,9.7,EP
1994265N16149,19/09/1994 18:00,168.7,17.2,WP
1994268N15232,23/09/1994 18:00,-128.4,14.1,EP
1994282N17247,9/10/1994 18:00,-112.4,17.1,EP
1994287N08176,16/10/1994 0:00,163.5,10.9,WP
1994294N13203,23/10/1994 12:00,-158.5,12.5,EP
1994295N25188,21/10/1994 12:00,-172.1,24.8,WP
1994298N25161,29/10/1994 12:00,163.2,14.1,WP
1994313N12278,8/11/1994 18:00,-82.5,12,NA
1994344S09112,12/12/1994 18:00,116,-12.5,SI
1994362S11054,3/01/1995 18:00,50.5,-14.3,SI
1995032S10074,3/02/1995 18:00,72.2,-12.1,SI
1995049S11133,19/02/1995 18:00,130,-12.5,SI
1995050S11134,19/02/1995 18:00,130,-12.5,SI
1995053S14065,22/02/1995 6:00,65.5,-15.7,SI
1995064S13042,5/03/1995 6:00,44,-14.2,SI
1995089S09131,3/04/1995 0:00,128.1,-9.1,SI
1995106S09144,14/04/1995 18:00,138.6,-8.6,SP
1995148N07150,1/06/1995 0:00,129.5,10.2,WP
1995167N11254,14/06/1995 0:00,-107.1,9.8,EP
1995193N17305,12/07/1995 0:00,-54.9,17.1,NA
1995198N17252,16/07/1995 6:00,-101.2,16.1,EP
1995206N13252,23/07/1995 6:00,-112.5,8.7,EP
1995210N26273,28/07/1995 18:00,-86.6,26.2,NA
1995214N15249,2/08/1995 6:00,-112.6,14.5,EP
1995215N12145,7/08/1995 6:00,133,15.2,WP
1995220N14329,6/08/1995 18:00,-25.3,9.4,NA
1995220N15256,6/08/1995 18:00,-105.9,19.2,EP
1995233N16115,24/08/1995 6:00,116.5,17.3,WP
1995234N13327,20/08/1995 6:00,-26.2,9.5,NA
1995235N13311,20/08/1995 18:00,-43.1,10.5,NA
1995235N24281,21/08/1995 12:00,-75.6,22.3,NA
1995236N10134,24/08/1995 6:00,133.4,9.4,WP
1995239N15327,26/08/1995 6:00,-32.7,13.9,NA
1995240N11337,27/08/1995 0:00,-21.8,12.3,NA
1995244N08139,2/09/1995 12:00,129,12,WP
1995244N16256,31/08/1995 12:00,-110.1,11,EP
1995271N19273,28/09/1995 12:00,-88.2,19.3,NA
1995277N07141,8/10/1995 18:00,117.3,15.2,WP
1995278N08329,3/10/1995 12:00,-19.4,7.2,NA
1995279N15153,9/10/1995 0:00,146.5,19.5,WP
1995292N08150,23/10/1995 0:00,129,11,WP
1995294N05163,25/10/1995 0:00,137.5,7.2,WP
1995302N17174,31/10/1995 6:00,161.4,16.4,WP
1995319S05092,16/11/1995 6:00,96.5,-7.5,SI
1995336S10106,2/12/1995 18:00,103.1,-11,SI
1995340S10116,5/12/1995 6:00,115,-12.7,SI
1995357N07139,24/12/1995 0:00,137.5,7.5,WP
1996001S08075,3/01/1996 18:00,71.2,-12,SI
1996002S15133,2/01/1996 0:00,138.5,-15.8,SP
1996015S18182,14/01/1996 18:00,-177.8,-16,SP
1996025S14125,27/01/1996 12:00,121.5,-12.2,SI
1996026S14143,25/01/1996 18:00,138.5,-10.1,SP
1996043S07053,14/02/1996 6:00,48.2,-9.4,SI
1996049S10068,19/02/1996 18:00,67.8,-14.7,SI
1996057S12074,25/02/1996 6:00,74.9,-14.5,SI
1996058N06137,27/02/1996 0:00,136.5,5.8,WP
1996066S17129,6/03/1996 12:00,135.8,-14.9,SI
1996078S12072,20/03/1996 0:00,60.6,-13.4,SI
1996090N04150,3/04/1996 18:00,140.7,10.8,WP
1996093S16074,2/04/1996 12:00,73.2,-16,SI
1996098S13085,7/04/1996 12:00,83.2,-12.8,SI
1996122S05093,2/05/1996 18:00,92,-8.5,SI
1996134N11246,12/05/1996 0:00,-113.7,9.5,EP
1996137N13111,18/05/1996 12:00,114.4,14.6,WP
1996170N27282,17/06/1996 0:00,-72.9,23,NA
1996179N13266,26/06/1996 12:00,-84.9,5.1,EP
1996187N10326,3/07/1996 12:00,-24.5,6.4,NA
1996190S07096,8/07/1996 12:00,95.4,0.6,SI
1996202N17115,20/07/1996 0:00,115.5,15.5,WP
1996208N20165,30/07/1996 0:00,154.3,25.8,WP
1996210N05156,3/08/1996 18:00,133.7,21,WP
1996211N13270,27/07/1996 0:00,-83.1,5.9,EP
1996217N16111,3/08/1996 18:00,113,10.6,WP
1996227N15176,21/08/1996 0:00,142.9,20.2,WP
1996232N17280,17/08/1996 18:00,-74.1,15.2,NA
1996233N12340,20/08/1996 6:00,-21.6,12.4,NA
1996237N14339,25/08/1996 12:00,-33.4,14.6,NA
1996239N13337,26/08/1996 6:00,-24.1,12.7,NA
1996244N13257,31/08/1996 6:00,-106.3,15.3,EP
1996248N15319,5/09/1996 6:00,-49.5,14.8,NA
1996254N13138,11/09/1996 0:00,130.9,15,WP
1996260N19107,16/09/1996 6:00,108,19,WP
1996261N08184,21/09/1996 6:00,165.5,12.8,WP
1996274N13261,28/09/1996 18:00,-93.5,11,EP
1996279N23264,4/10/1996 18:00,-96.2,22.7,NA
1996282N11162,14/10/1996 0:00,131.9,15.7,WP
1996289N13280,14/10/1996 6:00,-77.9,17.3,NA
1996291N17168,19/10/1996 18:00,153.1,16.5,WP
1996302S07095,29/10/1996 18:00,96,-9.9,SI
1996307N09154,3/11/1996 18:00,152.1,9.8,WP
1996312N14125,7/11/1996 12:00,125.5,16.4,WP
1996319N11283,17/11/1996 6:00,-80.5,16.3,NA
1996332N09092,30/11/1996 0:00,87.5,14.5,NI
1996349S09108,13/12/1996 6:00,107.9,-9.1,SI
1996353N05151,20/12/1996 18:00,140.1,7.6,WP
1996357S10136,26/12/1996 6:00,136.1,-13.3,SI
1997008S16093,9/01/1997 6:00,92.2,-15.8,SI
1997009S16188,10/01/1997 18:00,-174.1,-16.1,SP
1997013S08101,18/01/1997 6:00,96.2,-9.6,SI
1997018S10074,23/01/1997 0:00,67.9,-13.4,SI
1997032S17055,6/02/1997 18:00,54,-12.9,SI
1997039S10155,8/02/1997 0:00,160.6,-14.1,SP
1997042S13096,14/02/1997 0:00,86.5,-13.4,SI
1997045S11163,17/02/1997 18:00,155.5,-17.2,SP
1997053S12142,21/02/1997 12:00,144.7,-1.2,SP
1997056S16041,26/02/1997 0:00,40,-16.9,SI
1997105S10168,15/04/1997 6:00,178.9,-13.4,SP
1997143N17111,26/05/1997 0:00,119.3,16.3,WP
1997152N06171,6/06/1997 0:00,156.6,9.8,WP
1997152N10265,31/05/1997 12:00,-94.4,10.3,EP
1997167N06162,22/06/1997 6:00,132.3,13.2,WP
1997176N16252,23/06/1997 18:00,-102.8,13,EP
1997196N08142,18/07/1997 0:00,138.2,10.1,WP
1997201N24152,26/07/1997 0:00,153.1,28.2,WP
1997202N04152,29/07/1997 6:00,135.5,15,WP
1997212N11265,29/07/1997 6:00,-91.4,10.6,EP
1997217N06168,7/08/1997 12:00,160.8,9.8,WP
1997221N03179,17/08/1997 12:00,166,12.6,WP
1997222N11246,9/08/1997 18:00,-113.2,8.1,EP
1997229N19242,15/08/1997 12:00,-107,20.2,EP
1997232N17115,19/08/1997 0:00,112.5,14.2,WP
1997238N11159,27/08/1997 12:00,151.8,12.4,WP
1997238N19112,27/08/1997 6:00,114.1,18.5,WP
1997240N12193,1/09/1997 0:00,-174.1,12.7,EP
1997253N12255,8/09/1997 0:00,-94.5,9.1,EP
1997256N14227,12/09/1997 0:00,-132.5,15.9,EP
1997259N13258,14/09/1997 18:00,-93.9,11.8,EP
1997261N13114,21/09/1997 12:00,109.8,14.8,WP
1997299N07169,27/10/1997 12:00,167.9,7.4,WP
1997311N09258,6/11/1997 12:00,-99.1,10.9,EP
1997311N10151,9/11/1997 6:00,142.2,10.8,WP
1997326S09203,22/11/1997 0:00,-157,-9.5,SP
1997333N06194,30/11/1997 6:00,-165.2,7.4,EP
1998001S09195,31/12/1997 0:00,-165.2,-7.6,SP
1998002S14151,31/12/1997 0:00,145.9,-14,SP
1998022S15143,21/01/1998 18:00,138.4,-10.9,SP
1998023S16125,22/01/1998 18:00,125,-16,SI
1998025S12185,24/01/1998 0:00,-177.4,-7.9,SP
1998030S13194,30/01/1998 0:00,-165.8,-13.1,SP
1998032S18036,14/02/1998 6:00,43.7,-16.5,SI
1998036S13066,6/02/1998 18:00,64.3,-12.5,SI
1998036S13135,9/02/1998 12:00,122.3,-14.8,SI
1998064S09093,10/03/1998 6:00,87.1,-13.3,SI
1998064S13061,5/03/1998 0:00,62,-13.9,SI
1998079S10145,18/03/1998 18:00,148.2,-12.9,SP
1998087S15172,28/03/1998 6:00,175.5,-14.7,SP
1998108S10203,19/04/1998 6:00,-157.8,-14.7,SP
1998120S16220,27/04/1998 18:00,-138.8,-16.5,SP
1998161N09261,11/06/1998 6:00,-104.6,12,EP
1998173N08266,20/06/1998 12:00,-94.5,13.4,EP
1998197N13259,15/07/1998 12:00,-100.4,11.5,EP
1998203N11253,21/07/1998 18:00,-105.7,12.6,EP
1998209N11335,27/07/1998 0:00,-25.3,9.7,NA
1998210N14263,28/07/1998 6:00,-99.1,15.5,EP
1998213N14128,1/08/1998 0:00,126.7,10.2,WP
1998217N10130,7/08/1998 0:00,125.8,15.2,WP
1998223N09257,9/08/1998 18:00,-121.2,9,EP
1998244N22267,29/08/1998 18:00,-91.7,25.3,NA
1998249N16256,5/09/1998 18:00,-100.6,14.1,EP
1998253N17150,11/09/1998 18:00,145.7,17.5,WP
1998261N27270,17/09/1998 12:00,-90.3,26.9,NA
1998262N13333,18/09/1998 18:00,-26.7,13.3,NA
1998278N14314,3/10/1998 6:00,-38,8.1,NA
1998279S10092,6/10/1998 0:00,92,-12.4,SI
1998284N13243,11/10/1998 6:00,-119.4,11.8,EP
1998285N14068,14/10/1998 12:00,62,17.5,NI
1998288N11268,13/10/1998 18:00,-95.7,12.2,EP
1998295N12284,20/10/1998 18:00,-73,11.9,NA
1998310S10096,6/11/1998 6:00,97,-5.6,SI
1998315N09116,10/11/1998 6:00,117.2,9.8,WP
1998321N11117,17/11/1998 0:00,116.4,10.1,WP
1998327N09126,22/11/1998 12:00,126.2,9.3,WP
1998335S12138,4/12/1998 6:00,133.5,-9.9,SI
1998336S13120,30/11/1998 12:00,118.6,-12.7,SI
1998342N06141,7/12/1998 12:00,145.3,6.3,WP
1998346N10072,11/12/1998 6:00,70.5,11.2,NI
1998355S14187,21/12/1998 18:00,-174.8,-14.5,SP
1998357S11101,22/12/1998 6:00,106.4,-5.3,SI
1999013S13164,13/01/1999 0:00,159.6,-9.4,SP
1999015S20036,14/01/1999 18:00,36.4,-20.4,SI
1999020S17158,19/01/1999 6:00,155.9,-14.1,SP
1999048S21152,16/02/1999 18:00,153,-21.1,SP
1999057S22203,25/02/1999 12:00,-160.9,-15,SP
1999060S10089,2/03/1999 12:00,89.6,-9.5,SI
1999070S19206,11/03/1999 0:00,-152.4,-21.6,SP
1999074S13118,14/03/1999 6:00,119.2,-13.2,SI
1999074S13132,16/03/1999 0:00,132.3,-11.8,SI
1999084S12119,25/03/1999 6:00,127.5,-10.7,SI
1999092S11131,2/04/1999 18:00,129.2,-11,SI
1999111N08126,21/04/1999 12:00,126,9,WP
1999135N12073,15/05/1999 6:00,74.2,10.3,NI
1999189N12263,7/07/1999 12:00,-95.2,12.5,EP
1999195N24156,14/07/1999 18:00,154,22,WP
1999203N17129,23/07/1999 6:00,125,17.3,WP
1999204N17117,24/07/1999 18:00,113,18.5,WP
1999217N11265,4/08/1999 18:00,-100.7,9.4,EP
1999218N12241,4/08/1999 18:00,-116.6,13.9,EP
1999218N21116,5/08/1999 18:00,115.5,21.1,WP
1999231N14341,18/08/1999 18:00,-20.1,12.7,NA
1999235N27140,23/08/1999 6:00,140,27.1,WP
1999236N22292,22/08/1999 12:00,-62.5,18.5,NA
1999241N12133,1/09/1999 6:00,126.4,15.9,WP
1999248N17256,3/09/1999 18:00,-110.8,16.3,EP
1999251N15314,6/09/1999 6:00,-39.4,13.1,NA
1999253N17124,11/09/1999 12:00,122.4,17.3,WP
1999254N18142,12/09/1999 6:00,138.3,22.1,WP
1999255N13336,10/09/1999 12:00,-18.6,10.2,NA
1999258N25128,14/09/1999 0:00,130,21.7,WP
1999260N20130,17/09/1999 0:00,129.5,20.2,WP
1999266N18113,22/09/1999 12:00,112.6,17.5,WP
1999275N16135,1/10/1999 12:00,135.7,15.4,WP
1999286N16278,11/10/1999 12:00,-83.3,17.2,NA
1999288N12129,15/10/1999 6:00,126.8,11.7,WP
1999343S09095,9/12/1999 0:00,95,-9,SI
1999343S11123,9/12/1999 18:00,121,-11.2,SI
1999357S08076,23/12/1999 18:00,75.5,-9.7,SI
2000003S13082,3/01/2000 18:00,81.8,-12.5,SI
2000006S15164,5/01/2000 0:00,162.9,-14.4,SP
2000023S15172,22/01/2000 0:00,173.6,-9.2,SP
2000024S11100,24/01/2000 18:00,102.3,-11.7,SI
2000031S11074,30/01/2000 6:00,70.7,-10.2,SI
2000032S11115,2/02/2000 0:00,113.2,-10.5,SI
2000050S13078,19/02/2000 12:00,77,-14.6,SI
2000055S23227,22/02/2000 18:00,-129.1,-23,SP
2000058S14063,28/02/2000 0:00,60.1,-13.6,SI
2000064S19209,4/03/2000 12:00,-152,-19.1,SP
2000067S15189,6/03/2000 18:00,-171.5,-15.6,SP
2000083S17102,22/03/2000 0:00,105.3,-14.2,SI
2000088N08090,27/03/2000 12:00,90,7.5,NI
2000091S14156,30/03/2000 18:00,158,-13.8,SP
2000099S28037,9/04/2000 18:00,37,-25.4,SI
2000103S10095,15/04/2000 6:00,82.5,-13.8,SI
2000104S17182,13/04/2000 18:00,-179.6,-17.8,SP
2000105S10127,16/04/2000 0:00,119.7,-12.6,SI
2000125N06136,5/05/2000 0:00,136,9.7,WP
2000138N16119,17/05/2000 0:00,117.7,15.9,WP
2000142N12262,21/05/2000 6:00,-98.3,14.4,EP
2000164N12256,11/06/2000 12:00,-104,11,EP
2000170N10268,17/06/2000 0:00,-96.6,15.3,EP
2000185N15117,3/07/2000 18:00,119.5,16.4,WP
2000199N20145,17/07/2000 0:00,145,19.8,WP
2000202N12131,23/07/2000 18:00,123.9,17.9,WP
2000214N22155,30/07/2000 12:00,159.9,22.1,WP
2000215N15254,2/08/2000 0:00,-118,12.2,EP
2000226N16258,12/08/2000 0:00,-96.9,15.1,EP
2000230N08139,17/08/2000 6:00,142.1,7.2,WP
2000232N12116,19/08/2000 12:00,113.7,13.4,WP
2000233N12316,18/08/2000 6:00,-36.4,10.1,NA
2000237N08138,24/08/2000 18:00,136,12.4,WP
2000240N22115,26/08/2000 12:00,118.4,19.5,WP
2000241N15223,26/08/2000 12:00,-127.1,14.2,EP
2000244N13229,31/08/2000 0:00,-131.4,13,EP
2000245N14157,31/08/2000 12:00,156.9,13.5,WP
2000248N17117,4/09/2000 0:00,117.6,12.9,WP
2000248N18126,4/09/2000 18:00,128.1,18.1,WP
2000249N15258,3/09/2000 12:00,-93.6,19.7,EP
2000258N22138,13/09/2000 6:00,135.4,19.5,WP
2000259N20273,14/09/2000 0:00,-80,19.2,NA
2000260N15308,19/09/2000 6:00,-76.3,18.3,NA
2000260N19253,14/09/2000 12:00,-105.3,16.9,EP
2000264N17257,18/09/2000 12:00,-103.4,15.3,EP
2000266N12337,20/09/2000 0:00,-15.6,7.8,NA
2000270N11330,24/09/2000 0:00,-23.7,10.6,NA
2000277N15257,1/10/2000 0:00,-97.3,11.7,EP
2000279N29279,3/10/2000 12:00,-79.8,24.8,NA
2000289N15089,15/10/2000 0:00,88.5,14.5,NI
2000294N26300,18/10/2000 12:00,-59.1,22.1,NA
2000295N20146,20/10/2000 0:00,153.1,19.5,WP
2000299N08139,24/10/2000 6:00,139.1,10.9,WP
2000299N10252,24/10/2000 12:00,-102.4,10.4,EP
2000300N14093,25/10/2000 18:00,92,14.5,NI
2000305N06136,30/10/2000 0:00,134.9,4.2,WP
2000309N10270,3/11/2000 12:00,-89.8,10.3,EP
2000331N09091,25/11/2000 12:00,93.3,9.2,NI
2000333S11140,2/12/2000 12:00,128.2,-11,SI
2000358N08086,23/12/2000 6:00,86,8,NI
2000364N07130,28/12/2000 0:00,128.7,7.9,WP
2000366S09068,31/12/2000 18:00,66.6,-10.2,SI
2001003S09091,5/01/2001 18:00,82.9,-9.6,SI
2001018S12086,17/01/2001 12:00,86.3,-12.2,SI
2001031S13072,1/02/2001 6:00,69.5,-16.1,SI
2001039S11139,8/02/2001 12:00,137.6,-10.8,SP
2001045S14142,13/02/2001 18:00,141.5,-13.5,SP
2001049S17198,18/02/2001 12:00,-162.9,-18,SP
2001060S19223,27/02/2001 0:00,-138.5,-17.4,SP
2001064S10052,7/03/2001 6:00,42.6,-14.4,SI
2001091S13094,1/04/2001 6:00,95.1,-15,SI
2001093S10062,2/04/2001 18:00,61.9,-9.7,SI
2001094S12172,3/04/2001 18:00,178.3,-10.7,SP
2001106S08137,14/04/2001 18:00,137,-11.1,SI
2001141N14068,20/05/2001 6:00,66.3,9,NI
2001180N15118,28/06/2001 6:00,116.1,10.8,WP
2001181N08141,30/06/2001 0:00,146.7,9.2,WP
2001189N13130,8/07/2001 0:00,128.8,12.8,WP
2001202N11266,19/07/2001 12:00,-97.5,15.1,EP
2001202N23152,20/07/2001 0:00,151.6,15.5,WP
2001204N19127,21/07/2001 18:00,130.6,17.5,WP
2001206N14134,25/07/2001 0:00,133.4,13.6,WP
2001212N10158,31/07/2001 6:00,153.2,10,WP
2001215N26275,31/07/2001 18:00,-79.5,17.8,NA
2001220N17118,8/08/2001 6:00,115.7,17,WP
2001227N13323,15/08/2001 0:00,-39.3,12.9,NA
2001238N16139,25/08/2001 6:00,142,11.3,WP
2001239N19116,28/08/2001 18:00,112.7,19.4,WP
2001251N14332,9/09/2001 12:00,-40.2,15,NA
2001255N26276,11/09/2001 12:00,-84.3,23.5,NA
2001259N20138,16/09/2001 0:00,136.8,19.5,WP
2001260N14167,18/09/2001 0:00,166.9,15,WP
2001264N21126,20/09/2001 12:00,125.7,20.2,WP
2001265N16244,20/09/2001 12:00,-119.3,10.6,EP
2001266N10217,21/09/2001 6:00,-142.4,8.1,EP
2001267N17070,23/09/2001 12:00,68.6,16.9,NI
2001275N12258,30/09/2001 12:00,-100.6,12.8,EP
2001276N13146,2/10/2001 6:00,148.6,18.2,WP
2001278N12302,3/10/2001 12:00,-49.4,11.6,NA
2001281N18071,7/10/2001 12:00,71,17.6,NI
2001284N14261,9/10/2001 6:00,-89.5,12.7,EP
2001284N28297,9/10/2001 12:00,-62.8,26.9,NA
2001288N14084,13/10/2001 12:00,85.6,15.2,NI
2001291N05158,18/10/2001 0:00,156.8,5.3,WP
2001298S07098,24/10/2001 6:00,99.5,-6.9,SI
2001301N27325,28/10/2001 0:00,-37.4,27.5,NA
2001303N13276,30/10/2001 0:00,-83.6,13.7,NA
2001309N10130,4/11/2001 18:00,138,6.9,WP
2001329S07095,25/11/2001 0:00,90.9,-6.9,SI
2001338N10130,3/12/2001 0:00,138.5,10.4,WP
2001347N04162,14/12/2001 18:00,161.9,4.9,WP
2001364S19036,29/12/2001 18:00,37.4,-20,SI
2001365S12138,1/01/2002 6:00,138,-13.1,SP
2002008N07141,10/01/2002 0:00,134.5,9,WP
2002023S10089,22/01/2002 12:00,89.1,-9.8,SI
2002030S13093,30/01/2002 6:00,95.8,-11.3,SI
2002045S18049,14/02/2002 0:00,49.1,-17.8,SI
2002057N06156,26/02/2002 12:00,155.7,5.8,WP
2002063S11066,4/03/2002 6:00,66.1,-10.6,SI
2002081S08084,23/03/2002 0:00,79.7,-8.5,SI
2002096S10103,5/04/2002 0:00,101.2,-7.9,SI
2002098S07133,7/04/2002 18:00,133.2,-7.2,SI
2002122S07063,2/05/2002 0:00,64.1,-7.1,SI
2002126N09068,7/05/2002 6:00,64,13.5,NI
2002133N03150,14/05/2002 12:00,149,5,WP
2002145N11259,24/05/2002 12:00,-100.8,9.9,EP
2002155N20112,6/06/2002 6:00,116,19.5,WP
2002187N11160,5/07/2002 18:00,160.9,9.2,WP
2002189N21116,7/07/2002 0:00,114.9,18.1,WP
2002191N12260,10/07/2002 6:00,-104.7,12.8,EP
2002200N21150,18/07/2002 18:00,149.7,21.4,WP
2002214N19120,1/08/2002 18:00,115.4,14.6,WP
2002222N09163,10/08/2002 0:00,163.9,10.8,WP
2002227N14115,16/08/2002 0:00,113.7,14.6,WP
2002234N11221,19/08/2002 18:00,-135.6,7.1,EP
2002237N10202,25/08/2002 6:00,-159.1,9.9,EP
2002240N16155,27/08/2002 6:00,147.6,13.6,WP
2002242N10329,27/08/2002 18:00,-24,8.6,NA
2002242N14257,28/08/2002 12:00,-99.7,13.6,EP
2002247S03067,4/09/2002 12:00,66.5,-2.6,SI
2002252N20121,9/09/2002 0:00,123.5,18.1,WP
2002258N10300,16/09/2002 6:00,-71.9,15,NA
2002263N22139,19/09/2002 18:00,144.3,24.6,WP
2002264N13114,23/09/2002 0:00,112.3,14.2,WP
2002265N10315,21/09/2002 0:00,-41.5,11.9,NA
2002268N15163,24/09/2002 18:00,163.4,14.5,WP
2002281N10163,7/10/2002 18:00,155.8,2.8,WP
2002296N11230,21/10/2002 6:00,-128.5,11.4,EP
2002297N09206,24/10/2002 0:00,-154,8.9,EP
2002314N12083,9/11/2002 12:00,91.7,14.1,NI
2002319S06078,13/11/2002 12:00,68,-0.6,SI
2002355N03078,22/12/2002 6:00,79,4.5,NI
2002356S07070,21/12/2002 12:00,74.9,-5.8,SI
2002358S08185,23/12/2002 18:00,-175.5,-8,SP
2002364S16045,29/12/2002 12:00,43.4,-17.6,SI
2003004S10136,3/01/2003 0:00,131.1,-11.6,SP
2003007S10072,7/01/2003 0:00,71.6,-11,SI
2003011N02180,16/01/2003 12:00,156.7,9.4,WP
2003011S09182,10/01/2003 0:00,-171.9,-6.5,SP
2003021S10163,23/01/2003 0:00,162.1,-11.1,SP
2003021S11081,26/01/2003 0:00,61.7,-13,SI
2003021S13125,22/01/2003 18:00,118.8,-15.9,SI
2003025S16173,25/01/2003 0:00,173.9,-17.3,SP
2003034S12117,3/02/2003 6:00,117,-11.7,SI
2003035S10099,10/02/2003 18:00,81.9,-13.8,SI
2003037S12061,8/02/2003 0:00,55.6,-14.7,SI
2003039S15066,7/02/2003 18:00,66,-14.3,SI
2003056S17119,26/02/2003 0:00,119.5,-17,SI
2003056S21042,24/02/2003 12:00,43.6,-20.5,SI
2003060S13103,2/03/2003 6:00,107.2,-14.2,SI
2003062S10080,2/03/2003 18:00,77.6,-10,SI
2003067S13130,7/03/2003 6:00,130.3,-13,SI
2003068S14172,8/03/2003 12:00,171.1,-8.7,SP
2003098N03159,9/04/2003 0:00,159.9,4.1,WP
2003098S23041,8/04/2003 0:00,40.7,-23.4,SI
2003103S14180,12/04/2003 18:00,-175,-15.8,SP
2003122S11065,1/05/2003 18:00,64.9,-11.3,SI
2003144N16119,24/05/2003 0:00,117,14.3,WP
2003150N17119,30/05/2003 0:00,118.8,16.8,WP
2003155S10172,3/06/2003 6:00,173.6,-9.5,SP
2003192N14254,9/07/2003 12:00,-105.7,13.2,EP
2003196N04150,15/07/2003 6:00,149.8,5.9,WP
2003196N11137,16/07/2003 6:00,129.2,9.8,WP
2003219N16244,6/08/2003 0:00,-113.7,16.4,EP
2003226N07156,18/08/2003 12:00,139.4,17.4,WP
2003230N18125,17/08/2003 6:00,118.7,15.6,WP
2003240N14230,26/08/2003 12:00,-126.7,10.4,EP
2003240N20139,27/08/2003 18:00,139.5,17.6,WP
2003247N10153,4/09/2003 6:00,151.1,10.4,WP
2003247N19249,2/09/2003 18:00,-101,12.5,EP
2003249N14329,4/09/2003 6:00,-26.9,10.7,NA
2003259N13133,16/09/2003 0:00,133,13.1,WP
2003267N15140,24/09/2003 18:00,136.8,16.3,WP
2003269N12322,25/09/2003 18:00,-37.7,11.8,NA
2003271N19275,28/09/2003 18:00,-86.9,19.7,NA
2003272S05066,29/09/2003 0:00,64.1,-4.8,SI
2003286N10323,12/10/2003 18:00,-37,9.5,NA
2003290N15132,17/10/2003 0:00,131.8,15.1,WP
2003291N17147,19/10/2003 0:00,145.2,18.4,WP
2003302N11133,28/10/2003 12:00,131.9,12,WP
2003315N09067,10/11/2003 18:00,70.1,2.4,NI
2003316N11141,10/11/2003 18:00,141.9,10.9,WP
2003319N13172,19/11/2003 12:00,162.6,8.8,WP
2003338S09065,5/12/2003 18:00,61.3,-11.8,SI
2003345N05092,11/12/2003 12:00,90.5,4.5,NI
2003350S10140,16/12/2003 18:00,138,-9.7,SP
2003358S07067,28/12/2003 18:00,65.9,-9.3,SI
2003359S15177,31/12/2003 0:00,-177.2,-13.1,SP
2004025S16044,24/01/2004 18:00,43.9,-16.1,SI
2004026S12063,26/01/2004 0:00,62.8,-10.7,SI
2004052S15172,21/02/2004 6:00,173,-16.2,SP
2004056S18125,25/02/2004 12:00,124.5,-17.8,SI
2004058S13142,28/02/2004 12:00,140.2,-13.6,SP
2004061S12072,1/03/2004 6:00,70.3,-13.5,SI
2004068S13089,6/03/2004 0:00,93.7,-12.7,SI
2004072S11146,14/03/2004 12:00,135.2,-10.6,SI
2004081S12103,21/03/2004 12:00,103.4,-14.2,SI
2004093N07154,3/04/2004 0:00,152.3,6.4,WP
2004125S08084,10/05/2004 12:00,72.9,-9.8,SI
2004134N07132,12/05/2004 0:00,134.5,10.1,WP
2004143N15252,20/05/2004 12:00,-105.9,11.1,EP
2004156N16117,4/06/2004 18:00,116.3,15,WP
2004158N07142,8/06/2004 18:00,126.4,10,WP
2004164N06139,11/06/2004 12:00,133.9,4.6,WP
2004177N12154,24/06/2004 0:00,153,12.2,WP
2004193N19136,12/07/2004 0:00,133.5,20,WP
2004195N15255,10/07/2004 18:00,-111.3,11.4,EP
2004214N30282,30/07/2004 18:00,-71.4,26.1,NA
2004215N22148,2/08/2004 0:00,148.7,22.5,WP
2004216N16166,2/08/2004 12:00,164.3,15.2,WP
2004217N13306,7/08/2004 12:00,-80.2,17.8,NA
2004219N15137,6/08/2004 12:00,133,15.4,WP
2004222N24150,9/08/2004 0:00,150.4,23.5,WP
2004223N11301,8/08/2004 6:00,-50.4,12,NA
2004227N12338,12/08/2004 0:00,-14.7,8.1,NA
2004227N15144,14/08/2004 6:00,138.7,14.8,WP
2004231N09147,18/08/2004 0:00,142,9.7,WP
2004238N11325,23/08/2004 18:00,-29.3,9,NA
2004239N11171,26/08/2004 0:00,171,10.5,WP
2004240N15254,24/08/2004 18:00,-103.1,11.1,EP
2004241N29295,27/08/2004 12:00,-65.2,29,NA
2004243S03088,30/08/2004 0:00,89.8,1.3,SI
2004247N10332,1/09/2004 6:00,-20.3,11,NA
2004263N13153,18/09/2004 18:00,149.5,12.5,WP
2004264N13328,18/09/2004 12:00,-17,9.5,NA
2004274N16069,29/09/2004 12:00,72.1,18.2,NI
2004283N24265,6/10/2004 18:00,-93.8,20.7,NA
2004284N30295,8/10/2004 0:00,-61.8,27.7,NA
2004286N14263,10/10/2004 18:00,-109.7,14.6,EP
2004288N09164,14/10/2004 12:00,162,11.7,WP
2004319N10134,12/11/2004 18:00,139.5,6.3,WP
2004325S06078,19/11/2004 12:00,77.9,-6.1,SI
2004327N16125,20/11/2004 6:00,130.7,18,WP
2004352N10154,16/12/2004 18:00,153.5,11.5,WP
2004357S16216,22/12/2004 18:00,-146.1,-17.7,SP
2004365S13120,30/12/2004 0:00,119.8,-12.9,SI
2005003S09177,3/01/2005 18:00,175.7,-9.3,SP
2005006S09099,5/01/2005 18:00,97.8,-9.2,SI
2005012N04090,13/01/2005 6:00,87,5.5,NI
2005015S06089,17/01/2005 6:00,85.8,-8.9,SI
2005017S09061,18/01/2005 6:00,54.9,-10.2,SI
2005026S20040,26/01/2005 0:00,39.2,-20.1,SI
2005027S18168,29/01/2005 18:00,174.6,-15.6,SP
2005029S11072,1/02/2005 12:00,64.7,-18.5,SI
2005032S14195,1/02/2005 6:00,-165,-14.3,SP
2005035S14136,4/02/2005 0:00,137,-13,SP
2005035S15118,6/02/2005 0:00,116.5,-16.2,SI
2005041S13181,11/02/2005 6:00,-178.4,-10.7,SP
2005042S12190,10/02/2005 18:00,-169.6,-11.7,SP
2005054S09173,22/02/2005 18:00,172.8,-8.5,SP
2005060S12179,3/03/2005 18:00,-171,-13.2,SP
2005063S11140,3/03/2005 12:00,140.9,-13.2,SP
2005067S12120,7/03/2005 18:00,119.9,-18.1,SI
2005071N06152,13/03/2005 0:00,148.5,7.3,WP
2005079S10067,21/03/2005 0:00,64.1,-12.2,SI
2005089S10085,1/04/2005 12:00,77.6,-12.6,SI
2005092S11102,1/04/2005 12:00,98.8,-10.6,SI
2005107N07151,21/04/2005 0:00,141.9,8.7,WP
2005110S17180,20/04/2005 0:00,179.5,-17,SP
2005192N22155,11/07/2005 0:00,153.6,22.1,WP
2005199N21168,18/07/2005 12:00,167.6,22.3,WP
2005203N25285,20/07/2005 0:00,-61.9,19.5,NA
2005210N19115,27/07/2005 12:00,115.8,14.1,WP
2005211N09141,29/07/2005 12:00,131.2,6.2,WP
2005215N28291,1/08/2005 6:00,-65.8,24.2,NA
2005217N13327,5/08/2005 12:00,-36.8,15.6,NA
2005222N14131,9/08/2005 6:00,129.3,12.6,WP
2005229N22156,19/08/2005 6:00,152.4,22,WP
2005232N13263,18/08/2005 6:00,-109.4,11,EP
2005236N23285,22/08/2005 12:00,-71.2,20.6,NA
2005238N17255,24/08/2005 0:00,-105.6,21.6,EP
2005241N14315,29/08/2005 12:00,-50.6,17.7,NA
2005241N15155,27/08/2005 12:00,157.4,17.6,WP
2005245N19315,31/08/2005 12:00,-40.6,19.5,NA
2005248N08142,5/09/2005 0:00,142.3,8.2,WP
2005249N26281,5/09/2005 6:00,-78,26.3,NA
2005249N28293,4/09/2005 0:00,-67.7,24.8,NA
2005255N15246,13/09/2005 0:00,-118.8,14.8,EP
2005258N12242,13/09/2005 6:00,-132.1,12.6,EP
2005260N20090,16/09/2005 12:00,87.7,14.8,NI
2005261N13245,15/09/2005 18:00,-107.5,9.9,EP
2005261N21290,16/09/2005 18:00,-61.9,20,NA
2005262N13127,19/09/2005 0:00,137,13,WP
2005262N20155,18/09/2005 18:00,155.1,19.9,WP
2005271N17255,27/09/2005 6:00,-103.5,17.7,EP
2005275N19274,30/09/2005 6:00,-83.1,15.8,NA
2005278N27280,3/10/2005 6:00,-71.6,25.5,NA
2005289N18282,15/10/2005 6:00,-76.8,17.5,NA
2005300N10279,25/10/2005 6:00,-78.2,11.5,NA
2005301N13117,27/10/2005 0:00,124.6,14.6,WP
2005311N08140,8/11/2005 0:00,136.5,12.5,WP
2005316N05134,14/11/2005 6:00,129.4,9.2,WP
2005318N13298,13/11/2005 6:00,-55.5,12.5,NA
2005324N27312,18/11/2005 18:00,-46.8,27.7,NA
2006006S11129,5/01/2006 6:00,132.8,-10,SI
2006007S15182,10/01/2006 0:00,176.4,-13.8,SP
2006017S15126,16/01/2006 12:00,122.5,-13,SI
2006021S11053,23/01/2006 0:00,55.8,-15.2,SI
2006025S18147,25/01/2006 18:00,147,-17.6,SP
2006040S15181,9/02/2006 12:00,-178.5,-14.8,SP
2006054S09082,22/02/2006 6:00,78.5,-10.7,SI
2006057S12114,25/02/2006 6:00,114.8,-13.4,SI
2006060S13058,1/03/2006 0:00,45.9,-11.1,SI
2006074S13158,15/03/2006 18:00,159.4,-13.4,SP
2006075S14185,17/03/2006 6:00,176.4,-13.9,SP
2006078S12119,19/03/2006 0:00,118.5,-11.5,SI
2006081S14129,24/03/2006 18:00,128.4,-14.8,SI
2006093S15115,3/04/2006 12:00,114.4,-14.4,SI
2006114N08090,23/04/2006 12:00,88.5,0.3,NI
2006161N20275,9/06/2006 0:00,-78.4,21.2,NA
2006174N08135,25/06/2006 12:00,121.7,12.4,WP
2006180N06140,28/06/2006 18:00,140.7,7.4,WP
2006188N10143,7/07/2006 6:00,141.5,11.1,WP
2006193N14258,10/07/2006 6:00,-99,8.9,EP
2006198N08152,17/07/2006 12:00,147.8,8.9,WP
2006203N12257,20/07/2006 6:00,-103.6,10.4,EP
2006209N13130,30/07/2006 6:00,126.3,14.3,WP
2006216N07151,3/08/2006 12:00,151.3,3.2,WP
2006216N21152,3/08/2006 18:00,152.2,21.2,WP
2006225N17126,12/08/2006 0:00,126.1,14.6,WP
2006228N10218,18/08/2006 12:00,-153.6,10.3,EP
2006228N13247,14/08/2006 0:00,-105.6,9.1,EP
2006234N12338,21/08/2006 0:00,-21.4,7,NA
2006237N13298,23/08/2006 12:00,-54,10.6,NA
2006242N16246,28/08/2006 6:00,-112.7,15.6,EP
2006247N14321,3/09/2006 6:00,-38.3,10.9,NA
2006256N12338,12/09/2006 0:00,-21,7.8,NA
2006259N19155,15/09/2006 6:00,156.6,18.3,WP
2006271N26307,26/09/2006 6:00,-45.4,22.2,NA
2006272N13144,1/10/2006 0:00,136.5,13.3,WP
2006282N14243,7/10/2006 12:00,-113.2,8.8,EP
2006294N16254,19/10/2006 12:00,-98,13.7,EP
2006294S10168,19/10/2006 18:00,160.1,-3.4,SP
2006298N12143,25/10/2006 6:00,141.6,12.3,WP
2006300N07078,27/10/2006 12:00,81.7,10.3,NI
2006311N16143,7/11/2006 12:00,142.1,16.4,WP
2006322S09172,20/11/2006 0:00,161.6,-12.1,SP
2006330S06049,28/11/2006 12:00,44.5,-9.9,SI
2006340N08142,5/12/2006 18:00,147.8,8.2,WP
2006349N08157,15/12/2006 12:00,154.5,8.5,WP
2006350S07071,16/12/2006 12:00,67.8,-7.5,SI
2006364S12058,29/12/2006 6:00,57.8,-12,SI
2007021S12183,22/01/2007 6:00,-175.7,-12.3,SP
2007021S12195,20/01/2007 18:00,-165.5,-11.5,SP
2007027S07069,27/01/2007 12:00,67.7,-7.3,SI
2007037S19050,7/02/2007 12:00,50.5,-17.1,SI
2007043S11071,13/02/2007 12:00,69.4,-12.5,SI
2007050S16079,19/02/2007 0:00,72.8,-6.7,SI
2007052S10093,21/02/2007 0:00,90,-9.8,SI
2007058S12135,1/03/2007 18:00,134.2,-13.1,SI
2007062S14119,4/03/2007 18:00,115.5,-14.7,SI
2007066S12066,10/03/2007 0:00,63.8,-13.8,SI
2007082S16125,23/03/2007 6:00,124.5,-16.2,SI
2007084S12157,24/03/2007 12:00,164.5,-0.5,SP
2007085S11085,28/03/2007 6:00,73.8,-12.3,SI
2007090N06158,30/03/2007 0:00,164.1,5.7,WP
2007091S14175,2/04/2007 6:00,176.5,-14.2,SP
2007100S22037,9/04/2007 0:00,37.1,-23,SI
2007133N15091,12/05/2007 0:00,90.7,11.7,NI
2007135N08147,15/05/2007 18:00,145.4,8.4,WP
2007136S10158,14/05/2007 0:00,165.9,-5.3,SP
2007147N13249,27/05/2007 0:00,-110.6,12.8,EP
2007150N14263,28/05/2007 12:00,-98.2,12.7,EP
2007151N14072,31/05/2007 12:00,71.4,9.9,NI
2007151N18273,30/05/2007 18:00,-82.5,20.9,NA
2007184N16112,2/07/2007 6:00,112.3,11.7,WP
2007188N04148,7/07/2007 0:00,148.9,5.6,WP
2007203N13255,22/07/2007 0:00,-104.6,12.5,EP
2007208N20155,27/07/2007 6:00,155.6,20.7,WP
2007213N13238,30/07/2007 0:00,-119.4,11.4,EP
2007216N18138,3/08/2007 6:00,148.8,17.3,WP
2007219N15130,6/08/2007 0:00,136,9.9,WP
2007221N13234,7/08/2007 0:00,-121.5,13.1,EP
2007225N12331,12/08/2007 12:00,-26.1,11.9,NA
2007227N24269,13/08/2007 18:00,-84.3,21.4,NA
2007240N17153,27/08/2007 0:00,155.7,20.6,WP
2007249N24161,5/09/2007 6:00,163.4,21.4,WP
2007254N18140,11/09/2007 0:00,134.9,11.2,WP
2007255N13316,11/09/2007 6:00,-41.1,12,NA
2007257N16134,14/09/2007 0:00,143.4,17.2,WP
2007261N13254,17/09/2007 0:00,-100,13.7,EP
2007265N20122,21/09/2007 12:00,122,19.5,WP
2007269N22265,25/09/2007 12:00,-94.8,21.8,NA
2007272N15251,27/09/2007 12:00,-103.8,14.1,EP
2007272N17125,28/09/2007 0:00,121.1,2.8,WP
2007274N18131,29/09/2007 18:00,128.8,13.6,WP
2007274N28173,3/10/2007 0:00,169.4,27.8,WP
2007276N20147,3/10/2007 0:00,146.7,19.7,WP
2007288N15251,14/10/2007 12:00,-109.8,15.6,EP
2007291N19148,17/10/2007 0:00,151.7,12.4,WP
2007297N18300,26/10/2007 12:00,-66.7,17.2,NA
2007298N18136,24/10/2007 0:00,141.6,13.6,WP
2007306N18133,1/11/2007 12:00,133.5,17,WP
2007314N10093,10/11/2007 6:00,93,10.1,NI
2007315S05095,12/11/2007 18:00,93.3,-5,SI
2007322S06075,17/11/2007 0:00,73.8,-5.3,SI
2007323N09128,18/11/2007 18:00,127,8.9,WP
2007324N10140,18/11/2007 12:00,148.8,11.9,WP
2007337S12186,3/12/2007 6:00,-175,-12.1,SP
2007346S12073,15/12/2007 0:00,68.4,-15,SI
2007352S12088,17/12/2007 0:00,88.4,-9.9,SI
2007360S10116,26/12/2007 0:00,115.7,-9.9,SI
2007362S13131,2/01/2008 0:00,130,-14.8,SI
2007363S20043,30/12/2007 0:00,42,-18.3,SI
2008008S18184,8/01/2008 0:00,-175.8,-18.1,SP
2008023S10050,23/01/2008 18:00,47.4,-12.1,SI
2008026S11064,25/01/2008 18:00,63.5,-10.7,SI
2008026S12179,26/01/2008 6:00,-179.5,-12.2,SP
2008033S11083,2/02/2008 18:00,83.2,-11.2,SI
2008037S10055,5/02/2008 6:00,64.4,-8.8,SI
2008042S16122,10/02/2008 12:00,120.4,-17.9,SI
2008062S10064,3/03/2008 12:00,60.7,-10.4,SI
2008065S12096,6/03/2008 18:00,89.7,-12.4,SI
2008079S12069,19/03/2008 18:00,66.4,-13.6,SI
2008083S12102,23/03/2008 0:00,101.5,-14.5,SI
2008104N08128,13/04/2008 6:00,126.3,8.8,WP
2008111S06082,20/04/2008 6:00,77.4,-9.5,SI
2008111S08096,19/04/2008 12:00,100.4,-5.5,SI
2008128N07134,5/05/2008 18:00,137.5,5.9,WP
2008135N12116,14/05/2008 6:00,112.7,10.4,WP
2008135N16125,13/05/2008 12:00,126.3,16.9,WP
2008169N08135,17/06/2008 0:00,139.3,7.7,WP
2008180N14238,26/06/2008 12:00,-126.2,8.7,EP
2008184N15254,30/06/2008 12:00,-97.9,9.7,EP
2008193N20126,13/07/2008 6:00,126.3,20.1,WP
2008203N18276,18/07/2008 12:00,-69.8,14.1,NA
2008204N13260,19/07/2008 18:00,-93,12.7,EP
2008206N22133,23/07/2008 6:00,141.1,21.4,WP
2008217N19120,3/08/2008 0:00,114.4,11.8,WP
2008218N10224,5/08/2008 6:00,-139.5,10,EP
2008220N12250,5/08/2008 0:00,-105.3,9.8,EP
2008229N13147,15/08/2008 18:00,145.5,11.5,WP
2008229N18293,13/08/2008 18:00,-56.2,17.8,NA
2008238N14293,23/08/2008 12:00,-61.6,10.4,NA
2008246N12338,31/08/2008 6:00,-16.3,10.5,NA
2008246N19250,31/08/2008 12:00,-109.4,15.3,EP
2008262N16142,17/09/2008 12:00,141.2,16.1,WP
2008272N08139,30/09/2008 0:00,126.7,11,WP
2008280N19268,4/10/2008 12:00,-89.4,10.9,NA
2008290S05071,17/10/2008 18:00,68.7,-7.3,SI
2008292N20152,17/10/2008 6:00,155,23.6,WP
2008298N16085,24/10/2008 12:00,80.5,10.6,NI
2008308N08252,1/11/2008 0:00,-99.3,6.9,EP
2008311N08128,5/11/2008 6:00,127.8,8.4,WP
2008319S07086,18/11/2008 0:00,77.6,-9.4,SI
2008320N08122,14/11/2008 12:00,122.6,6.4,WP
2008323S08089,17/11/2008 0:00,92.6,-4.4,SI
2008348S10077,15/12/2008 18:00,68.7,-9.2,SI
2009008S13069,8/01/2009 12:00,71,-14.1,SI
2009017S15059,16/01/2009 18:00,58.5,-15.8,SI
2009024S17123,24/01/2009 0:00,123.3,-17.3,SI
2009025S12177,26/01/2009 12:00,-177.2,-15.9,SP
2009032S15071,2/02/2009 0:00,68.9,-15.4,SI
2009034S16126,5/02/2009 18:00,115.18,-16.28,SI
2009045S18174,15/02/2009 6:00,171.3,-17.4,SP
2009051S11075,19/02/2009 18:00,76.5,-13.5,SI
2009069S19204,9/03/2009 12:00,-147.8,-8.5,SP
2009074S10129,15/03/2009 18:00,125.7,-10.6,SI
2009075S18197,15/03/2009 6:00,-159.9,-14.9,SP
2009082S16039,22/03/2009 18:00,40.2,-16.8,SI
2009092S15178,1/04/2009 18:00,178.3,-15.2,SP
2009093S12062,3/04/2009 12:00,58.5,-11.4,SI
2009104N13088,13/04/2009 12:00,89.4,11.7,NI
2009107S07133,24/04/2009 12:00,134.8,-8.8,SI
2009121N13124,30/04/2009 18:00,117.1,13.4,WP
2009123N10111,1/05/2009 12:00,105.9,8.5,WP
2009143N17089,22/05/2009 12:00,89.2,13.4,NI
2009171N15264,19/06/2009 18:00,-96.6,8.6,EP
2009173N10132,21/06/2009 6:00,132.5,2.3,WP
2009190N09254,8/07/2009 18:00,-107.6,7.6,EP
2009210N11231,28/07/2009 18:00,-130,9.9,EP
2009213N16130,1/08/2009 12:00,121.9,16.9,WP
2009215N13252,2/08/2009 0:00,-102.7,8.3,EP
2009221N10201,9/08/2009 12:00,-162.5,11.7,EP
2009222N14336,10/08/2009 12:00,-24.9,14.4,NA
2009227N12328,13/08/2009 18:00,-28.8,8.8,NA
2009228N11163,15/08/2009 18:00,161.2,9.7,WP
2009233N13230,20/08/2009 18:00,-132.2,9.9,EP
2009235N14252,23/08/2009 0:00,-101.2,12.6,EP
2009238N20151,26/08/2009 12:00,151.7,18.7,WP
2009239N10253,27/08/2009 18:00,-113.8,10.9,EP
2009239N12270,27/08/2009 0:00,-91.8,10.6,EP
2009245N17303,30/08/2009 18:00,-48.4,15.8,NA
2009251N16118,8/09/2009 0:00,118,13.9,WP
2009255N13155,10/09/2009 18:00,157.4,13.2,WP
2009287N10154,13/10/2009 12:00,152.5,2.7,WP
2009288N07267,14/10/2009 0:00,-94.7,12.1,EP
2009313N12071,8/11/2009 12:00,73.6,11.1,NI
2009325N06148,21/11/2009 12:00,157,5.3,WP
2009325S12066,21/11/2009 0:00,63.7,-11.1,SI
2009337S07096,5/12/2009 6:00,88.4,-9.1,SI
2009342S09140,10/12/2009 0:00,134.5,-10,SI
2009346S07086,19/12/2009 18:00,63.6,-11.7,SI
2010002S09096,4/01/2010 6:00,89.5,-10.4,SI
2010029S12177,30/01/2010 6:00,-179,-11.8,SP
2010040S11185,9/02/2010 6:00,-173.5,-12,SP
2010051S06195,24/02/2010 12:00,-163.5,-15.3,SP
2010066S19050,8/03/2010 6:00,49.6,-19.2,SI
2010067S25317,8/03/2010 0:00,-42.6,-25.2,SA
2010069S12188,10/03/2010 0:00,-172.2,-12.3,SP
2010078N03153,22/03/2010 12:00,141.7,8.4,WP
2010080S06089,21/03/2010 18:00,89.6,-8.5,SI
2010082S09144,26/03/2010 0:00,134.8,-9.5,SP
2010110S10118,20/04/2010 12:00,117.4,-10,SI
2010136N09057,19/05/2010 12:00,54,11,NI
2010143S20035,23/05/2010 18:00,37.4,-20.7,SI
2010166N15255,15/06/2010 12:00,-105.2,14.7,EP
2010172N08272,21/06/2010 6:00,-90,8.8,EP
2010198N15123,17/07/2010 12:00,122.8,15.5,WP
2010217N15265,4/08/2010 12:00,-94.9,14.9,EP
2010243N12146,2/09/2010 0:00,139.1,18,WP
2010247N15266,4/09/2010 6:00,-95.1,16.1,NA
2010249N24125,6/09/2010 18:00,123.8,22.5,WP
2010263N15149,20/09/2010 0:00,146.5,19,WP
2010293N17277,19/10/2010 12:00,-83.4,17.2,NA
2010300N05323,27/10/2010 18:00,-43,6,NA
2010331S07089,29/11/2010 6:00,86.5,-11.5,SI
2011009S15113,9/01/2011 18:00,112.99,-15.2,SI
2011010S17169,10/01/2011 6:00,169.8,-17.1,SP
2011020S13182,21/01/2011 18:00,-174.8,-13.9,SP
2011021S16129,23/01/2011 18:00,128.4,-14.5,SI
2011028S13180,28/01/2011 6:00,179.1,-13,SP
2011038S11062,7/02/2011 18:00,59.5,-12,SI
2011045S16119,14/02/2011 18:00,115.41,-18.29,SI
2011048S14171,17/02/2011 6:00,170.8,-14.6,SP
2011069S20321,14/03/2011 0:00,-40.8,-20.4,SA
2011073S11089,15/03/2011 18:00,82.6,-13.1,SI
2011102S11125,13/04/2011 0:00,125.8,-11.8,SI
2011102S26048,11/04/2011 12:00,47.7,-25.7,SI
2011140N08142,19/05/2011 12:00,141.6,8.3,WP
2011167N08129,19/06/2011 12:00,122.6,18.7,WP
2011227N12234,14/08/2011 6:00,-126.5,12.3,EP
2011233N12129,21/08/2011 12:00,128.6,12.4,WP
2011240N10341,28/08/2011 0:00,-19,9.5,NA
2011253N20145,11/09/2011 6:00,137.3,20.3,WP
2011278N12248,4/10/2011 12:00,-111.7,11.6,EP
2011295N13279,22/10/2011 0:00,-81,12.7,NA
2011302N13062,31/10/2011 6:00,57,16,NI
2011323N09264,18/11/2011 18:00,-97,9.2,EP
2011346N03156,13/12/2011 6:00,145,6.2,WP
2011355S11135,22/12/2011 18:00,131.3,-10.5,SI
2012006S15043,6/01/2012 6:00,41.2,-16.2,SI
2012017S10074,17/01/2012 0:00,74,-10.3,SI
2012018S16041,17/01/2012 12:00,41,-16,SI
2012023S13117,23/01/2012 6:00,116.8,-12.7,SI
2012032S15141,3/02/2012 6:00,148.5,-16.5,SP
2012039S14075,7/02/2012 12:00,74.7,-13.5,SI
2012056S13057,27/02/2012 6:00,47.2,-15.1,SI
2012069S14111,11/03/2012 12:00,114.66,-18.24,SI
2012086N10116,27/03/2012 12:00,114,9.4,WP
2012156S07066,3/06/2012 18:00,65.9,-7.1,SI
2012162N06150,11/06/2012 12:00,145.5,9.3,WP
2012177N11135,24/06/2012 18:00,135.3,11.2,WP
2012193N12259,10/07/2012 6:00,-100.6,11.7,EP
2012201N15129,19/07/2012 12:00,125.6,15.5,WP
2012216N24162,4/08/2012 12:00,162.1,23.6,WP
2012219N12254,5/08/2012 18:00,-105.9,12.4,EP
2012223N14317,15/08/2012 18:00,-89.5,16.5,NA
2012230N21126,17/08/2012 6:00,125.9,21.4,WP
2012235N11328,21/08/2012 12:00,-31.7,10.7,NA
2012239N11261,25/08/2012 18:00,-99.1,11.3,EP
2012242N13333,28/08/2012 12:00,-27.4,12.9,NA
2012246N29323,2/09/2012 6:00,-37.9,28.1,NA
2012273N13112,29/09/2012 12:00,113.1,13.5,WP
2012274N13151,29/09/2012 6:00,151,12.8,WP
2012279N15145,5/10/2012 12:00,142.3,15.1,WP
2012285S04077,10/10/2012 18:00,76.6,-4.9,SI
2012296N06135,21/10/2012 12:00,135,6.4,WP
2012296N20309,22/10/2012 0:00,-51.2,20.4,NA
2012301N11087,28/10/2012 6:00,86,9.5,NI
2012325S09084,22/11/2012 0:00,81,-10.3,SI
2012337S06089,5/12/2012 0:00,83.3,-10.9,SI
2012362S08071,30/12/2012 0:00,61.6,-10,SI
2012362S08165,26/12/2012 18:00,164.2,-8.1,SP
2012362S14114,26/12/2012 18:00,114.3,-14,SI
2013001N04141,1/01/2013 12:00,137.2,4.6,WP
2013005S10126,6/01/2013 6:00,125,-10.8,SI
2013009S11084,10/01/2013 12:00,81.6,-13.1,SI
2013018S14138,19/01/2013 6:00,134.7,-17.2,SP
2013020S17123,20/01/2013 12:00,123,-17.12,SI
2013026S13067,26/01/2013 0:00,66.3,-13.1,SI
2013046S20042,17/02/2013 6:00,40.3,-17.6,SI
2013049N05131,19/02/2013 18:00,122.8,7.1,WP
2013052S13126,22/02/2013 6:00,121.12,-14.4,SI
2013069S13135,12/03/2013 0:00,138.9,-12,SP
2013093S08074,6/04/2013 6:00,73,-10.7,SI
2013097S07099,7/04/2013 6:00,99,-7,SI
2013116S09153,28/04/2013 0:00,154.2,-12.2,SP
2013134N07265,13/05/2013 18:00,-95.9,6.9,EP
2013158N13129,6/06/2013 12:00,128.5,12.9,WP
2013167N12128,16/06/2013 0:00,128.2,12,WP
2013167N12279,17/06/2013 12:00,-87,16,NA
2013196N14128,15/07/2013 0:00,126.9,14,WP
2013210N13122,29/07/2013 0:00,122.4,13.2,WP
2013214N13243,2/08/2013 0:00,-116.8,12.7,EP
2013224N12220,17/08/2013 0:00,-168.1,13.4,EP
2013232N14252,21/08/2013 0:00,-110,14.5,EP
2013241N29169,30/08/2013 0:00,169.4,28.5,WP
2013242N15245,29/08/2013 12:00,-115.1,15,EP
2013243N26122,30/08/2013 18:00,121.5,25.6,WP
2013248N16294,8/09/2013 6:00,-68.9,24.7,NA
2013262N14149,19/09/2013 6:00,148.5,14,WP
2013271N21310,28/09/2013 6:00,-50.3,22.2,NA
2013274N18152,2/10/2013 6:00,150.6,17.3,WP
2013292N09162,18/10/2013 18:00,162.4,9.3,WP
2013301N13142,27/10/2013 18:00,142.3,12.9,WP
2013305N16252,1/11/2013 0:00,-107.9,16,EP
2013316N06130,12/11/2013 12:00,124.1,9.3,WP
2013324S11113,20/11/2013 12:00,114.5,-11.5,SI
2013350S08099,16/12/2013 0:00,98.7,-8.3,SI
2013360S11123,26/12/2013 12:00,122.6,-13.28,SI
2014024S13160,28/01/2014 6:00,152.1,-14.9,SP
2014030S14129,1/02/2014 6:00,133.1,-15,SP
2014065S10139,6/03/2014 6:00,138.7,-9.5,SP
2014092S11159,3/04/2014 12:00,158.47,-10.51,SP
